Percent Females; Margin of Error; Percent high school graduate or higher: 0.126557618981
Percent Males; Margin of Error; POVERTY RATE FOR THE POPULATION 25 YEARS AND OVER FOR WHOM POVERTY STATUS IS DETERMINED BY EDUCATIONAL ATTAINMENT LEVEL - Some college or associate's degree: 0.124933471066
Percent; Margin of Error; POVERTY RATE FOR THE POPULATION 25 YEARS AND OVER FOR WHOM POVERTY STATUS IS DETERMINED BY EDUCATIONAL ATTAINMENT LEVEL - Bachelor's degree or higher: 0.112972769609
Percent Females; Margin of Error; POVERTY RATE FOR THE POPULATION 25 YEARS AND OVER FOR WHOM POVERTY STATUS IS DETERMINED BY EDUCATIONAL ATTAINMENT LEVEL - Bachelor's degree or higher: 0.105557119106
Percent Females; Estimate; POVERTY RATE FOR THE POPULATION 25 YEARS AND OVER FOR WHOM POVERTY STATUS IS DETERMINED BY EDUCATIONAL ATTAINMENT LEVEL - Bachelor's degree or higher: 0.10044944297
Percent; Estimate; POVERTY RATE FOR THE POPULATION 25 YEARS AND OVER FOR WHOM POVERTY STATUS IS DETERMINED BY EDUCATIONAL ATTAINMENT LEVEL - Bachelor's degree or higher: 0.085762613134
Percent Males; Margin of Error; Population 25 years and over - High school graduate (includes equivalency): 0.0823687612575
Percent Females; Margin of Error; Population 65 years and over - Bachelor's degree or higher: 0.0747958902151
Percent Females; Margin of Error; Population 45 to 64 years - High school graduate or higher: 0.0745732412078
Percent Females; Estimate; Percent bachelor's degree or higher: 0.07381980128
Percent Females; Estimate; Population 25 years and over - High school graduate (includes equivalency): 0.0657765102527
Percent Males; Estimate; POVERTY RATE FOR THE POPULATION 25 YEARS AND OVER FOR WHOM POVERTY STATUS IS DETERMINED BY EDUCATIONAL ATTAINMENT LEVEL - Some college or associate's degree: 0.0652837385356
Percent Males; Margin of Error; Population 25 years and over - Bachelor's degree: 0.0605164647028
Percent Males; Margin of Error; Population 65 years and over - High school graduate or higher: 0.059716337509
Percent Females; Estimate; Population 25 years and over - Graduate or professional degree: 0.0569597644263
Percent Females; Estimate; Population 65 years and over - Bachelor's degree or higher: 0.0551589920348
Percent Females; Margin of Error; Population 18 to 24 years - Bachelor's degree or higher: 0.0503496869807
Percent Males; Estimate; Percent bachelor's degree or higher: 0.0481666399256
Percent Females; Estimate; White alone, not Hispanic or Latino - Bachelor's degree or higher: 0.0481015254876
Percent Males; Margin of Error; Population 25 to 34 years - Bachelor's degree or higher: 0.0463455398832
Percent Males; Margin of Error; Population 45 to 64 years - High school graduate or higher: 0.0458970319977
Percent Females; Estimate; Population 25 years and over - 9th to 12th grade, no diploma: 0.0454730857071
Percent Females; Estimate; RACE AND HISPANIC OR LATINO ORIGIN BY EDUCATIONAL ATTAINMENT - White alone - Bachelor's degree or higher: 0.0452355389666
Percent Males; Margin of Error; POVERTY RATE FOR THE POPULATION 25 YEARS AND OVER FOR WHOM POVERTY STATUS IS DETERMINED BY EDUCATIONAL ATTAINMENT LEVEL - Bachelor's degree or higher: 0.0447921614891
Percent Females; Margin of Error; Population 65 years and over - High school graduate or higher: 0.0431930845993
Percent Females; Margin of Error; Population 25 years and over - Some college, no degree: 0.0427158396249
Percent Males; Margin of Error; Percent high school graduate or higher: 0.0426595189971
Percent Females; Margin of Error; Population 35 to 44 years - Bachelor's degree or higher: 0.0415024388116
Percent Females; Margin of Error; Population 25 to 34 years - Bachelor's degree or higher: 0.0407521103603
Percent Males; Margin of Error; Percent bachelor's degree or higher: 0.0398487598714
Percent Females; Estimate; Population 45 to 64 years - Bachelor's degree or higher: 0.0394909727241
Percent Females; Estimate; Percent high school graduate or higher: 0.0392016121376
Percent Females; Margin of Error; Population 25 years and over - 9th to 12th grade, no diploma: 0.0355927852696
Percent Females; Margin of Error; Population 45 to 64 years - Bachelor's degree or higher: 0.0342631132851
Percent Females; Estimate; Population 25 years and over - Bachelor's degree: 0.0340667965566
Percent Males; Margin of Error; Population 25 to 34 years - High school graduate or higher: 0.0330887196255
Percent Females; Estimate; Population 25 years and over - Some college, no degree: 0.0322841030297
Percent Females; Margin of Error; Population 18 to 24 years - Less than high school graduate: 0.029409038341
Percent Males; Estimate; Population 25 years and over - Bachelor's degree: 0.0261329073587
Percent Females; Estimate; Hispanic or Latino Origin - Bachelor's degree or higher: 0.0252711768131
Percent Females; Margin of Error; Population 25 to 34 years - High school graduate or higher: 0.0252492307054
Percent Males; Margin of Error; Black alone - Bachelor's degree or higher: 0.0252100519616
Percent Females; Estimate; Population 25 years and over - Less than 9th grade: 0.0251517571562
Percent Females; Estimate; Population 65 years and over - High school graduate or higher: 0.0251023083843
Percent; Estimate; Population 25 years and over - Graduate or professional degree: 0.0250156011835
Percent Males; Margin of Error; Population 18 to 24 years - High school graduate (includes equivalency): 0.0241888418261
Percent; Estimate; Population 25 years and over - 9th to 12th grade, no diploma: 0.0240497958138
Percent Females; Estimate; Population 45 to 64 years - High school graduate or higher: 0.0239542262346
Percent Females; Estimate; Population 25 to 34 years - Bachelor's degree or higher: 0.0230769481041
Percent Males; Estimate; POVERTY RATE FOR THE POPULATION 25 YEARS AND OVER FOR WHOM POVERTY STATUS IS DETERMINED BY EDUCATIONAL ATTAINMENT LEVEL - High school graduate (includes equivalency): 0.0229490996403
Percent Males; Estimate; White alone, not Hispanic or Latino - High school graduate or higher: 0.0222630493298
Percent Females; Estimate; Population 35 to 44 years - Bachelor's degree or higher: 0.0220506101093
Percent; Margin of Error; Asian alone - Bachelor's degree or higher: 0.0211256808394
Percent Males; Margin of Error; Hispanic or Latino Origin - Bachelor's degree or higher: 0.0209477545114
Percent Females; Estimate; Population 18 to 24 years - Bachelor's degree or higher: 0.0206557064837
Percent Males; Margin of Error; Population 25 years and over - 9th to 12th grade, no diploma: 0.0204837860562
Percent; Estimate; Population 65 years and over - Bachelor's degree or higher: 0.020315688269
Percent Females; Margin of Error; Hispanic or Latino Origin - Bachelor's degree or higher: 0.0196086225962
Percent Males; Margin of Error; Two or more races - Bachelor's degree or higher: 0.0194691374351
Percent Males; Margin of Error; Population 35 to 44 years - Bachelor's degree or higher: 0.0192118249589
Percent Males; Margin of Error; Black alone - High school graduate or higher: 0.0181017604435
Percent; Estimate; Population 25 years and over - High school graduate (includes equivalency): 0.0180639059716
Percent Males; Estimate; Population 18 to 24 years - Bachelor's degree or higher: 0.0178945165903
Percent Females; Margin of Error; Population 18 to 24 years - Some college or associate's degree: 0.016586497087
Percent; Estimate; Population 45 to 64 years - Bachelor's degree or higher: 0.0155341023952
Percent; Estimate; Percent bachelor's degree or higher: 0.0153074705111
Percent Females; Estimate; POVERTY RATE FOR THE POPULATION 25 YEARS AND OVER FOR WHOM POVERTY STATUS IS DETERMINED BY EDUCATIONAL ATTAINMENT LEVEL - Some college or associate's degree: 0.0150538410812
Percent; Estimate; Two or more races - Bachelor's degree or higher: 0.0150181052381
Percent; Margin of Error; POVERTY RATE FOR THE POPULATION 25 YEARS AND OVER FOR WHOM POVERTY STATUS IS DETERMINED BY EDUCATIONAL ATTAINMENT LEVEL - Some college or associate's degree: 0.0146865032784
Percent; Estimate; POVERTY RATE FOR THE POPULATION 25 YEARS AND OVER FOR WHOM POVERTY STATUS IS DETERMINED BY EDUCATIONAL ATTAINMENT LEVEL - High school graduate (includes equivalency): 0.01446433847
Percent Males; Margin of Error; POVERTY RATE FOR THE POPULATION 25 YEARS AND OVER FOR WHOM POVERTY STATUS IS DETERMINED BY EDUCATIONAL ATTAINMENT LEVEL - High school graduate (includes equivalency): 0.0143210877157
Percent Males; Estimate; Population 25 to 34 years - High school graduate or higher: 0.0138588810442
Percent; Estimate; Population 25 years and over - Bachelor's degree: 0.013624286878
Percent; Estimate; RACE AND HISPANIC OR LATINO ORIGIN BY EDUCATIONAL ATTAINMENT - White alone - Bachelor's degree or higher: 0.0132695020327
Percent; Margin of Error; Population 65 years and over - High school graduate or higher: 0.0132281550249
Percent; Margin of Error; Population 25 to 34 years - Bachelor's degree or higher: 0.0130709813284
Percent; Margin of Error; Asian alone - High school graduate or higher: 0.0127955429594
Percent Females; Estimate; Asian alone - Bachelor's degree or higher: 0.0125202231383
Percent Males; Estimate; Native Hawaiian and Other Pacific Islander alone - High school graduate or higher: 0.012099201233
Percent Females; Margin of Error; Population 25 years and over - High school graduate (includes equivalency): 0.0116354566278
Percent; Margin of Error; Population 35 to 44 years - High school graduate or higher: 0.0115142788423
Percent; Estimate; Population 35 to 44 years - Bachelor's degree or higher: 0.0113375429103
Percent Males; Margin of Error; Population 18 to 24 years - Less than high school graduate: 0.0111112430736
Percent Males; Margin of Error; Population 65 years and over - Bachelor's degree or higher: 0.0111103760779
Percent; Margin of Error; Population 45 to 64 years - High school graduate or higher: 0.0110653062541
Percent Males; Estimate; Some other race alone - Bachelor's degree or higher: 0.0110597945222
Percent Males; Estimate; Black alone - Bachelor's degree or higher: 0.0104696074141
Percent Females; Estimate; Black alone - Bachelor's degree or higher: 0.010395147326
Percent; Margin of Error; Percent high school graduate or higher: 0.0102023806921
Percent Males; Estimate; RACE AND HISPANIC OR LATINO ORIGIN BY EDUCATIONAL ATTAINMENT - White alone - Bachelor's degree or higher: 0.0101750230016
Percent Females; Margin of Error; POVERTY RATE FOR THE POPULATION 25 YEARS AND OVER FOR WHOM POVERTY STATUS IS DETERMINED BY EDUCATIONAL ATTAINMENT LEVEL - Some college or associate's degree: 0.0100693658003
Percent Males; Estimate; Hispanic or Latino Origin - Bachelor's degree or higher: 0.00987557652624
Percent; Estimate; Population 18 to 24 years - High school graduate (includes equivalency): 0.00971658100811
Percent Males; Estimate; Population 25 years and over - High school graduate (includes equivalency): 0.00930709600288
Percent Females; Margin of Error; Population 35 to 44 years - High school graduate or higher: 0.0088425544841
Percent Females; Margin of Error; Black alone - Bachelor's degree or higher: 0.00864998504247
Percent; Estimate; Population 18 to 24 years - Some college or associate's degree: 0.00857270949488
Percent Females; Estimate; Two or more races - Bachelor's degree or higher: 0.00849389370718
Percent Males; Estimate; Population 65 years and over - High school graduate or higher: 0.00848797404784
Percent Females; Margin of Error; Two or more races - Bachelor's degree or higher: 0.00833393875612
Percent Females; Margin of Error; Hispanic or Latino Origin - High school graduate or higher: 0.00827455181368
Percent; Estimate; Percent high school graduate or higher: 0.00807651200866
Percent Females; Estimate; Population 35 to 44 years - High school graduate or higher: 0.00792776950576
Percent; Margin of Error; Population 25 to 34 years - High school graduate or higher: 0.00753666478569
Percent Males; Margin of Error; Hispanic or Latino Origin - High school graduate or higher: 0.00717727901149
Percent; Estimate; White alone, not Hispanic or Latino - Bachelor's degree or higher: 0.00709946522181
Percent; Estimate; Hispanic or Latino Origin - Bachelor's degree or higher: 0.00707679328816
Percent Females; Estimate; Population 18 to 24 years - High school graduate (includes equivalency): 0.00704476455806
Percent; Margin of Error; POVERTY RATE FOR THE POPULATION 25 YEARS AND OVER FOR WHOM POVERTY STATUS IS DETERMINED BY EDUCATIONAL ATTAINMENT LEVEL - High school graduate (includes equivalency): 0.00695308199089
Percent Males; Estimate; Some other race alone - High school graduate or higher: 0.00688323430617
Total; Margin of Error; American Indian or Alaska Native alone - Bachelor's degree or higher: 0.0068036066608
Percent Males; Margin of Error; Population 18 to 24 years - Some college or associate's degree: 0.00652122143697
Percent; Estimate; Population 65 years and over - High school graduate or higher: 0.00642708390147
Percent Males; Margin of Error; Population 45 to 64 years - Bachelor's degree or higher: 0.00621913411784
Percent Females; Margin of Error; Asian alone - High school graduate or higher: 0.00620822173941
Percent; Estimate; Black alone - Bachelor's degree or higher: 0.00612148260484
Percent; Estimate; RACE AND HISPANIC OR LATINO ORIGIN BY EDUCATIONAL ATTAINMENT - White alone - High school graduate or higher: 0.00605727053524
Percent Females; Margin of Error; Percent bachelor's degree or higher: 0.00592022622169
Percent Males; Margin of Error; Asian alone - Bachelor's degree or higher: 0.00577546238323
Percent; Estimate; Population 25 years and over - Some college, no degree: 0.0057597930833
Percent Males; Estimate; Population 25 years and over - Graduate or professional degree: 0.0057256313184
Percent Females; Estimate; POVERTY RATE FOR THE POPULATION 25 YEARS AND OVER FOR WHOM POVERTY STATUS IS DETERMINED BY EDUCATIONAL ATTAINMENT LEVEL - High school graduate (includes equivalency): 0.00566994159456
Percent Females; Margin of Error; POVERTY RATE FOR THE POPULATION 25 YEARS AND OVER FOR WHOM POVERTY STATUS IS DETERMINED BY EDUCATIONAL ATTAINMENT LEVEL - Less than high school graduate: 0.00553452250521
Percent Males; Estimate; RACE AND HISPANIC OR LATINO ORIGIN BY EDUCATIONAL ATTAINMENT - White alone - High school graduate or higher: 0.0054278844848
Percent Females; Margin of Error; Two or more races - High school graduate or higher: 0.00538298640818
Percent Females; Margin of Error; American Indian or Alaska Native alone - High school graduate or higher: 0.004985929591
Percent Males; Estimate; Population 65 years and over - Bachelor's degree or higher: 0.00488680072405
Percent Females; Margin of Error; Some other race alone - Bachelor's degree or higher: 0.0046934400742
Females; Margin of Error; American Indian or Alaska Native alone - Bachelor's degree or higher: 0.00460487803755
Percent; Estimate; Asian alone - High school graduate or higher: 0.00451255421606
Percent; Margin of Error; Population 35 to 44 years - Bachelor's degree or higher: 0.00450618105195
Percent Males; Estimate; White alone, not Hispanic or Latino - Bachelor's degree or higher: 0.00445938650136
Percent Females; Margin of Error; Asian alone - Bachelor's degree or higher: 0.00441742366398
Percent Males; Estimate; Population 25 to 34 years - Bachelor's degree or higher: 0.0043860957777
Percent; Estimate; Population 25 to 34 years - Bachelor's degree or higher: 0.00437443227043
Percent Females; Estimate; Black alone - High school graduate or higher: 0.00436581932924
Percent; Estimate; White alone, not Hispanic or Latino - High school graduate or higher: 0.00420314384852
Percent Males; Margin of Error; Population 25 years and over - Some college, no degree: 0.00417991296472
Percent Females; Margin of Error; Some other race alone - High school graduate or higher: 0.00408105885294
Percent Males; Margin of Error; American Indian or Alaska Native alone - High school graduate or higher: 0.00401607064079
Percent; Margin of Error; Black alone - High school graduate or higher: 0.00400387704434
Percent; Margin of Error; Population 18 to 24 years - Bachelor's degree or higher: 0.00392287695607
Percent; Estimate; Asian alone - Bachelor's degree or higher: 0.00382060400398
Percent Males; Margin of Error; Population 35 to 44 years - High school graduate or higher: 0.0037733550636
Percent Males; Estimate; Asian alone - Bachelor's degree or higher: 0.00369790990156
Percent Females; Estimate; Population 18 to 24 years - Some college or associate's degree: 0.00367053306635
Percent Males; Estimate; Hispanic or Latino Origin - High school graduate or higher: 0.00366664101672
Females; Margin of Error; Native Hawaiian and Other Pacific Islander alone: 0.00366327665329
Percent Males; Estimate; POVERTY RATE FOR THE POPULATION 25 YEARS AND OVER FOR WHOM POVERTY STATUS IS DETERMINED BY EDUCATIONAL ATTAINMENT LEVEL - Bachelor's degree or higher: 0.00361789627454
Percent; Estimate; POVERTY RATE FOR THE POPULATION 25 YEARS AND OVER FOR WHOM POVERTY STATUS IS DETERMINED BY EDUCATIONAL ATTAINMENT LEVEL - Some college or associate's degree: 0.0034734392078
Percent Females; Estimate; White alone, not Hispanic or Latino - High school graduate or higher: 0.00342981915516
Percent Males; Estimate; Population 45 to 64 years - Bachelor's degree or higher: 0.00338464288101
Percent; Estimate; Population 18 to 24 years - Bachelor's degree or higher: 0.00329568545352
Percent; Margin of Error; Percent bachelor's degree or higher: 0.00321629504409
Percent; Margin of Error; Black alone - Bachelor's degree or higher: 0.0031990774959
Percent; Margin of Error; Two or more races - Bachelor's degree or higher: 0.00317082889739
Percent Males; Margin of Error; RACE AND HISPANIC OR LATINO ORIGIN BY EDUCATIONAL ATTAINMENT - White alone - Bachelor's degree or higher: 0.00311724383706
Percent; Estimate; POVERTY RATE FOR THE POPULATION 25 YEARS AND OVER FOR WHOM POVERTY STATUS IS DETERMINED BY EDUCATIONAL ATTAINMENT LEVEL - Less than high school graduate: 0.00280673051253
Males; Margin of Error; American Indian or Alaska Native alone - Bachelor's degree or higher: 0.0026730613842
Percent; Estimate; Population 18 to 24 years - Less than high school graduate: 0.00249480791379
Percent Females; Estimate; RACE AND HISPANIC OR LATINO ORIGIN BY EDUCATIONAL ATTAINMENT - White alone - High school graduate or higher: 0.00244018397392
Percent Males; Estimate; Black alone - High school graduate or higher: 0.00240113535934
Percent Males; Estimate; Population 18 to 24 years - Less than high school graduate: 0.00234914362883
Percent Males; Estimate; Population 18 to 24 years - Some college or associate's degree: 0.00231685630414
Males; Margin of Error; Native Hawaiian and Other Pacific Islander alone: 0.00223280789428
Percent Females; Estimate; Asian alone - High school graduate or higher: 0.00222771259677
Percent Females; Estimate; American Indian or Alaska Native alone - Bachelor's degree or higher: 0.00221475639762
Percent; Estimate; Some other race alone - Bachelor's degree or higher: 0.00220966029332
Percent; Margin of Error; Population 25 years and over - High school graduate (includes equivalency): 0.00218690495101
Percent; Estimate; Native Hawaiian and Other Pacific Islander alone - High school graduate or higher: 0.00217382535372
Males; Margin of Error; Native Hawaiian and Other Pacific Islander alone - High school graduate or higher: 0.00215701205717
Percent Males; Margin of Error; Some other race alone - High school graduate or higher: 0.00211988154828
Percent Males; Margin of Error; Some other race alone - Bachelor's degree or higher: 0.00210428195398
Males; Estimate; American Indian or Alaska Native alone - Bachelor's degree or higher: 0.00206787398326
Percent Males; Margin of Error; Asian alone - High school graduate or higher: 0.00205531932883
Percent Males; Estimate; POVERTY RATE FOR THE POPULATION 25 YEARS AND OVER FOR WHOM POVERTY STATUS IS DETERMINED BY EDUCATIONAL ATTAINMENT LEVEL - Less than high school graduate: 0.00202999034265
Females; Margin of Error; Native Hawaiian and Other Pacific Islander alone - High school graduate or higher: 0.00196824773616
Percent Females; Estimate; Population 18 to 24 years - Less than high school graduate: 0.00195929385416
Percent; Margin of Error; Hispanic or Latino Origin - High school graduate or higher: 0.00185554543348
Percent; Estimate; American Indian or Alaska Native alone - High school graduate or higher: 0.001846568037
Percent Males; Margin of Error; Population 18 to 24 years - Bachelor's degree or higher: 0.00153783181957
Percent; Margin of Error; Population 18 to 24 years - High school graduate (includes equivalency): 0.00142303136757
Percent; Estimate; Hispanic or Latino Origin - High school graduate or higher: 0.00142102365657
Females; Margin of Error; American Indian or Alaska Native alone - High school graduate or higher: 0.00134976840068
Percent; Margin of Error; Population 18 to 24 years - Less than high school graduate: 0.00134581504531
Females; Margin of Error; American Indian or Alaska Native alone: 0.00123710677671
Percent Females; Estimate; POVERTY RATE FOR THE POPULATION 25 YEARS AND OVER FOR WHOM POVERTY STATUS IS DETERMINED BY EDUCATIONAL ATTAINMENT LEVEL - Less than high school graduate: 0.00117063458023
Percent; Margin of Error; Two or more races - High school graduate or higher: 0.00109325791907
Females; Margin of Error; Native Hawaiian and Other Pacific Islander alone - Bachelor's degree or higher: 0.000998088288851
Males; Estimate; Native Hawaiian and Other Pacific Islander alone - Bachelor's degree or higher: 0.000985789758951
Total; Margin of Error; Native Hawaiian and Other Pacific Islander alone - Bachelor's degree or higher: 0.000985070447299
Total; Margin of Error; White alone, not Hispanic or Latino: 0.000983671189547
Percent Males; Estimate; Population 25 years and over - Some college, no degree: 0.000933583097652
Percent Males; Estimate; Two or more races - High school graduate or higher: 0.000930202759277
Percent; Estimate; Some other race alone - High school graduate or higher: 0.000916386038031
Total; Estimate; American Indian or Alaska Native alone - Bachelor's degree or higher: 0.000911547002737
Total; Margin of Error; Native Hawaiian and Other Pacific Islander alone - High school graduate or higher: 0.00087505686892
Percent Males; Estimate; Population 35 to 44 years - Bachelor's degree or higher: 0.000871499579144
Females; Margin of Error; Asian alone - High school graduate or higher: 0.000821299445224
Percent; Estimate; Population 25 to 34 years - High school graduate or higher: 0.000809705507804
Females; Estimate; American Indian or Alaska Native alone - Bachelor's degree or higher: 0.000807016474745
Males; Margin of Error; White alone, not Hispanic or Latino: 0.000805080772258
Females; Margin of Error; Two or more races - Bachelor's degree or higher: 0.000788293686501
Percent Males; Estimate; Population 25 years and over - Associate's degree: 0.00078800042081
Females; Estimate; Native Hawaiian and Other Pacific Islander alone - Bachelor's degree or higher: 0.000771131081267
Males; Margin of Error; Some other race alone - High school graduate or higher: 0.000758640561841
Males; Margin of Error; Two or more races - High school graduate or higher: 0.000758541942787
Total; Margin of Error; American Indian or Alaska Native alone - High school graduate or higher: 0.000756483360365
Males; Margin of Error; Asian alone - High school graduate or higher: 0.000746284847727
Total; Margin of Error; Population 35 to 44 years - Bachelor's degree or higher: 0.000737245724942
Percent Females; Estimate; Population 25 years and over - Associate's degree: 0.000725394245814
Percent Females; Estimate; Some other race alone - High school graduate or higher: 0.000719530302433
Males; Margin of Error; Native Hawaiian and Other Pacific Islander alone - Bachelor's degree or higher: 0.000711589017075
Percent; Estimate; American Indian or Alaska Native alone - Bachelor's degree or higher: 0.000697212388278
Percent; Estimate; Population 45 to 64 years - High school graduate or higher: 0.000672441486526
Females; Margin of Error; White alone, not Hispanic or Latino: 0.000648019926999
Females; Margin of Error; Population 35 to 44 years - High school graduate or higher: 0.000646075030505
Percent Males; Estimate; American Indian or Alaska Native alone - High school graduate or higher: 0.000628508839128
Total; Margin of Error; Some other race alone - High school graduate or higher: 0.000624180157646
Males; Margin of Error; Two or more races - Bachelor's degree or higher: 0.000619347784092
Males; Margin of Error; Black alone - Bachelor's degree or higher: 0.000616904770409
Total; Margin of Error; Population 25 to 34 years - Bachelor's degree or higher: 0.000611744037629
Males; Margin of Error; Population 25 to 34 years - Bachelor's degree or higher: 0.000602520626716
Females; Margin of Error; Two or more races: 0.000601793298787
Percent Males; Estimate; Population 35 to 44 years - High school graduate or higher: 0.000583683393906
Females; Margin of Error; Population 18 to 24 years - Less than high school graduate: 0.000579524385439
Total; Margin of Error; Population 35 to 44 years: 0.000574945558458
Males; Margin of Error; Population 35 to 44 years - High school graduate or higher: 0.000569823940377
Males; Margin of Error; American Indian or Alaska Native alone - High school graduate or higher: 0.000569255358052
Females; Margin of Error; Population 35 to 44 years - Bachelor's degree or higher: 0.000563661717088
Percent Females; Estimate; Two or more races - High school graduate or higher: 0.000559903295449
Males; Margin of Error; Asian alone - Bachelor's degree or higher: 0.000528010147428
Percent Females; Estimate; American Indian or Alaska Native alone - High school graduate or higher: 0.000520581843722
Males; Margin of Error; Some other race alone - Bachelor's degree or higher: 0.000520214651414
Females; Margin of Error; Population 25 years and over - Bachelor's degree: 0.000514905718146
Males; Margin of Error; Population 65 years and over - High school graduate or higher: 0.000505679378158
Percent Females; Estimate; Native Hawaiian and Other Pacific Islander alone - High school graduate or higher: 0.000500451486309
Males; Margin of Error; Population 25 to 34 years - High school graduate or higher: 0.000499660436763
Males; Margin of Error; Two or more races: 0.000493143929446
Males; Margin of Error; Population 35 to 44 years - Bachelor's degree or higher: 0.00048676523488
Males; Margin of Error; Population 65 years and over - Bachelor's degree or higher: 0.000482503672101
Females; Margin of Error; RACE AND HISPANIC OR LATINO ORIGIN BY EDUCATIONAL ATTAINMENT - White alone: 0.000478963486611
Males; Margin of Error; Asian alone: 0.000465909805778
Percent Females; Margin of Error; American Indian or Alaska Native alone - Bachelor's degree or higher: 0.000461539353659
Females; Margin of Error; Hispanic or Latino Origin - High school graduate or higher: 0.000456813487582
Males; Margin of Error; Black alone: 0.000456588460401
Total; Margin of Error; Two or more races - High school graduate or higher: 0.000442325005357
Females; Margin of Error; Some other race alone: 0.000432677074545
Females; Margin of Error; Population 18 to 24 years - Bachelor's degree or higher: 0.000431217270916
Females; Margin of Error; Population 45 to 64 years - High school graduate or higher: 0.000428667369672
Males; Margin of Error; Some other race alone: 0.000424599584506
Females; Margin of Error; Population 45 to 64 years - Bachelor's degree or higher: 0.000420916371368
Total; Margin of Error; Population 25 to 34 years: 0.000409445254477
Males; Margin of Error; White alone, not Hispanic or Latino - High school graduate or higher: 0.000400399633451
Total; Margin of Error; Asian alone - High school graduate or higher: 0.000398833767804
Females; Margin of Error; Two or more races - High school graduate or higher: 0.000383020084258
Total; Margin of Error; Population 45 to 64 years - Bachelor's degree or higher: 0.000379765416282
Percent Males; Estimate; American Indian or Alaska Native alone - Bachelor's degree or higher: 0.000377075172598
Total; Margin of Error; Population 65 years and over: 0.000376788626698
Females; Estimate; American Indian or Alaska Native alone: 0.000373835263752
Total; Margin of Error; RACE AND HISPANIC OR LATINO ORIGIN BY EDUCATIONAL ATTAINMENT - White alone - Bachelor's degree or higher: 0.000372195592202
Males; Margin of Error; Population 18 to 24 years - Some college or associate's degree: 0.000360706883502
Males; Margin of Error; American Indian or Alaska Native alone: 0.000357675619927
Total; Margin of Error; Population 35 to 44 years - High school graduate or higher: 0.000354741606635
Total; Margin of Error; Population 25 years and over - Bachelor's degree: 0.000352256498146
Females; Margin of Error; Asian alone - Bachelor's degree or higher: 0.000347682036921
Total; Margin of Error; Black alone: 0.000340275449663
Percent Females; Margin of Error; Native Hawaiian and Other Pacific Islander alone - High school graduate or higher: 0.000336523511417
Total; Margin of Error; Population 18 to 24 years - Less than high school graduate: 0.000318784759991
Total; Margin of Error; White alone, not Hispanic or Latino - High school graduate or higher: 0.000316665482046
Males; Estimate; Two or more races - Bachelor's degree or higher: 0.000313205700006
Females; Margin of Error; Population 25 to 34 years - Bachelor's degree or higher: 0.000313009022095
Total; Margin of Error; Asian alone: 0.000309723778724
Females; Margin of Error; Population 25 years and over - Less than 9th grade: 0.000306201756164
Males; Margin of Error; Population 35 to 44 years: 0.000305197397285
Females; Estimate; Two or more races - Bachelor's degree or higher: 0.000303139600123
Females; Margin of Error; Population 35 to 44 years: 0.000301650155134
Males; Margin of Error; Population 18 to 24 years - Less than high school graduate: 0.000301563086337
Total; Margin of Error; Population 25 years and over - Less than 9th grade: 0.00030071475812
Total; Margin of Error; Two or more races - Bachelor's degree or higher: 0.000296898790945
Females; Margin of Error; Population 25 years and over - 9th to 12th grade, no diploma: 0.000295874412869
Total; Margin of Error; White alone, not Hispanic or Latino - Bachelor's degree or higher: 0.000294566107656
Males; Margin of Error; RACE AND HISPANIC OR LATINO ORIGIN BY EDUCATIONAL ATTAINMENT - White alone - Bachelor's degree or higher: 0.000286335389283
Females; Margin of Error; Population 65 years and over - Bachelor's degree or higher: 0.000283674566719
Total; Margin of Error; Population 45 to 64 years: 0.000278772923962
Females; Margin of Error; Population 65 years and over - High school graduate or higher: 0.000278226841604
Males; Margin of Error; Population 25 years and over - Some college, no degree: 0.000274010483206
Total; Margin of Error; American Indian or Alaska Native alone: 0.000271759465104
Females; Margin of Error; Hispanic or Latino Origin: 0.000271248490619
Females; Margin of Error; RACE AND HISPANIC OR LATINO ORIGIN BY EDUCATIONAL ATTAINMENT - White alone - High school graduate or higher: 0.000270584267959
Females; Margin of Error; Population 25 to 34 years - High school graduate or higher: 0.000267104438478
Females; Margin of Error; Asian alone: 0.00026692423062
Females; Margin of Error; Population 18 to 24 years - Some college or associate's degree: 0.000266137210483
Total; Margin of Error; Some other race alone - Bachelor's degree or higher: 0.000260856288183
Females; Margin of Error; Population 65 years and over: 0.000259851555904
Females; Margin of Error; Population 18 to 24 years - High school graduate (includes equivalency): 0.000258061073925
Percent Males; Estimate; Population 18 to 24 years - High school graduate (includes equivalency): 0.000255759935036
Males; Margin of Error; Population 25 to 34 years: 0.000252385145783
Total; Margin of Error; Two or more races: 0.00024368085823
Males; Margin of Error; Hispanic or Latino Origin - Bachelor's degree or higher: 0.000240538361503
Females; Margin of Error; Hispanic or Latino Origin - Bachelor's degree or higher: 0.00023915159998
Males; Estimate; American Indian or Alaska Native alone: 0.000236380200143
Total; Margin of Error; Hispanic or Latino Origin: 0.000235926727586
Females; Margin of Error; Population 45 to 64 years: 0.000228219399381
Males; Margin of Error; Hispanic or Latino Origin: 0.000226566806851
Total; Estimate; Native Hawaiian and Other Pacific Islander alone - High school graduate or higher: 0.000219559176167
Males; Margin of Error; White alone, not Hispanic or Latino - Bachelor's degree or higher: 0.000218877616342
Total; Estimate; Native Hawaiian and Other Pacific Islander alone - Bachelor's degree or higher: 0.000217012240068
Total; Margin of Error; Hispanic or Latino Origin - High school graduate or higher: 0.000213271787275
Females; Margin of Error; White alone, not Hispanic or Latino - High school graduate or higher: 0.000212276188799
Total; Margin of Error; Some other race alone: 0.000211041767994
Total; Margin of Error; Population 25 to 34 years - High school graduate or higher: 0.000210219370565
Males; Margin of Error; Population 25 years and over - Bachelor's degree: 0.000208990289942
Percent Males; Estimate; Percent high school graduate or higher: 0.000208840676479
Males; Margin of Error; Population 25 years and over: 0.000201086418195
Total; Estimate; American Indian or Alaska Native alone - High school graduate or higher: 0.000199331551402
Percent Males; Margin of Error; Two or more races - High school graduate or higher: 0.000198143939454
Total; Margin of Error; Population 65 years and over - Bachelor's degree or higher: 0.00019781674845
Males; Estimate; Native Hawaiian and Other Pacific Islander alone - High school graduate or higher: 0.00019753472349
Females; Estimate; Native Hawaiian and Other Pacific Islander alone - High school graduate or higher: 0.000196198662811
Males; Margin of Error; RACE AND HISPANIC OR LATINO ORIGIN BY EDUCATIONAL ATTAINMENT - White alone - High school graduate or higher: 0.000194346626499
Total; Margin of Error; Population 65 years and over - High school graduate or higher: 0.000192978072224
Females; Margin of Error; Black alone: 0.000192519724806
Males; Margin of Error; Population 45 to 64 years - High school graduate or higher: 0.00019027402001
Males; Margin of Error; Population 25 years and over - 9th to 12th grade, no diploma: 0.000185834193768
Females; Estimate; Native Hawaiian and Other Pacific Islander alone: 0.000185025795004
Total; Margin of Error; Native Hawaiian and Other Pacific Islander alone: 0.000184869213918
Total; Margin of Error; Population 25 years and over - Associate's degree: 0.00018146928941
Percent Females; Estimate; Hispanic or Latino Origin - High school graduate or higher: 0.000177825247419
Males; Estimate; Native Hawaiian and Other Pacific Islander alone: 0.000176909143491
Males; Margin of Error; Hispanic or Latino Origin - High school graduate or higher: 0.000172553709143
Females; Margin of Error; RACE AND HISPANIC OR LATINO ORIGIN BY EDUCATIONAL ATTAINMENT - White alone - Bachelor's degree or higher: 0.000172175998103
Total; Margin of Error; Population 25 years and over: 0.000167816152918
Females; Margin of Error; Population 25 years and over - High school graduate (includes equivalency): 0.000163734546259
Males; Margin of Error; Population 18 to 24 years - Bachelor's degree or higher: 0.000158433301872
Total; Margin of Error; Black alone - High school graduate or higher: 0.000155401428126
Total; Margin of Error; Population 25 years and over - 9th to 12th grade, no diploma: 0.000154600031358
Females; Margin of Error; Black alone - High school graduate or higher: 0.000147378192178
Males; Margin of Error; Population 45 to 64 years - Bachelor's degree or higher: 0.000143531102707
Total; Margin of Error; RACE AND HISPANIC OR LATINO ORIGIN BY EDUCATIONAL ATTAINMENT - White alone - High school graduate or higher: 0.000142935073543
Females; Margin of Error; White alone, not Hispanic or Latino - Bachelor's degree or higher: 0.000142426095646
Total; Margin of Error; Population 18 to 24 years - Some college or associate's degree: 0.000139862837716
Males; Margin of Error; Population 25 years and over - Less than 9th grade: 0.000139698842921
Females; Margin of Error; Some other race alone - High school graduate or higher: 0.000139167885048
Total; Estimate; Native Hawaiian and Other Pacific Islander alone: 0.000137266879883
Males; Margin of Error; Black alone - High school graduate or higher: 0.00013351406035
Total; Margin of Error; RACE AND HISPANIC OR LATINO ORIGIN BY EDUCATIONAL ATTAINMENT - White alone: 0.000121990313514
Females; Estimate; American Indian or Alaska Native alone - High school graduate or higher: 0.000118134772914
Males; Margin of Error; Population 25 years and over - High school graduate (includes equivalency): 0.000116277377947
Total; Margin of Error; Asian alone - Bachelor's degree or higher: 0.000114905281577
Females; Margin of Error; Population 25 years and over - Associate's degree: 0.000111894294279
Males; Margin of Error; Population 25 years and over - Graduate or professional degree: 0.000111780299606
Total; Margin of Error; Population 25 years and over - High school graduate (includes equivalency): 0.000110604722997
Percent; Estimate; Two or more races - High school graduate or higher: 0.000110012857963
Males; Margin of Error; Population 18 to 24 years - High school graduate (includes equivalency): 0.000109808537219
Females; Margin of Error; Population 25 years and over: 0.000109573957811
Males; Estimate; American Indian or Alaska Native alone - High school graduate or higher: 0.000107958536806
Males; Estimate; Two or more races: 0.000104652955535
Females; Margin of Error; Population 25 to 34 years: 0.000101999866402
Females; Margin of Error; Population 25 years and over - Graduate or professional degree: 0.000101578537859
Females; Margin of Error; Population 25 years and over - Some college, no degree: 0.000101471553377
Females; Margin of Error; Black alone - Bachelor's degree or higher: 0.000100734364833
Total; Margin of Error; Black alone - Bachelor's degree or higher: 0.00010010842026
Females; Estimate; Population 65 years and over - Bachelor's degree or higher: 9.93949788982e-05
Percent Males; Margin of Error; POVERTY RATE FOR THE POPULATION 25 YEARS AND OVER FOR WHOM POVERTY STATUS IS DETERMINED BY EDUCATIONAL ATTAINMENT LEVEL - Less than high school graduate: 9.20473307568e-05
Males; Margin of Error; Population 45 to 64 years: 9.02307118081e-05
Males; Margin of Error; Population 65 years and over: 8.98586942245e-05
Total; Margin of Error; Population 45 to 64 years - High school graduate or higher: 8.92671047116e-05
Total; Estimate; Some other race alone - Bachelor's degree or higher: 8.86529637289e-05
Females; Margin of Error; Some other race alone - Bachelor's degree or higher: 8.72354852736e-05
Females; Estimate; Two or more races: 8.47632495917e-05
Females; Estimate; MEDIAN EARNINGS IN THE PAST 12 MONTHS (IN 2016 INFLATION-ADJUSTED DOLLARS) - Population 25 years and over with earnings: 8.45446347397e-05
Males; Estimate; Population 65 years and over - Bachelor's degree or higher: 8.39102609736e-05
Total; Estimate; American Indian or Alaska Native alone: 7.87659098534e-05
Total; Margin of Error; MEDIAN EARNINGS IN THE PAST 12 MONTHS (IN 2016 INFLATION-ADJUSTED DOLLARS) - Population 25 years and over with earnings - Some college or associate's degree: 7.68154642779e-05
Total; Margin of Error; Population 25 years and over - Some college, no degree: 7.65688455208e-05
Total; Estimate; Two or more races - Bachelor's degree or higher: 7.59103696246e-05
Total; Margin of Error; Hispanic or Latino Origin - Bachelor's degree or higher: 6.38090673843e-05
Males; Estimate; Population 25 years and over - Less than 9th grade: 6.04886999039e-05
Females; Estimate; Population 45 to 64 years - Bachelor's degree or higher: 5.69048711669e-05
Females; Estimate; Some other race alone - Bachelor's degree or higher: 5.59125144138e-05
Males; Margin of Error; Population 18 to 24 years: 5.5480650593e-05
Total; Margin of Error; Population 18 to 24 years - Bachelor's degree or higher: 5.3984321393e-05
Total; Margin of Error; Population 18 to 24 years: 5.3798927443e-05
Males; Margin of Error; Population 25 years and over - Associate's degree: 5.20999957472e-05
Total; Margin of Error; Population 18 to 24 years - High school graduate (includes equivalency): 5.05734576798e-05
Females; Estimate; Two or more races - High school graduate or higher: 4.83973797144e-05
Males; Estimate; Some other race alone - Bachelor's degree or higher: 4.72726704536e-05
Females; Estimate; Hispanic or Latino Origin - Bachelor's degree or higher: 4.72614035113e-05
Males; Estimate; Hispanic or Latino Origin - Bachelor's degree or higher: 4.67400053114e-05
Total; Estimate; Two or more races: 4.64618377144e-05
Females; Estimate; Population 25 years and over - Less than 9th grade: 4.47009420481e-05
Percent Females; Margin of Error; White alone, not Hispanic or Latino - Bachelor's degree or higher: 4.25137000904e-05
Males; Margin of Error; MEDIAN EARNINGS IN THE PAST 12 MONTHS (IN 2016 INFLATION-ADJUSTED DOLLARS) - Population 25 years and over with earnings: 4.23406650183e-05
Females; Margin of Error; MEDIAN EARNINGS IN THE PAST 12 MONTHS (IN 2016 INFLATION-ADJUSTED DOLLARS) - Population 25 years and over with earnings: 4.11967351883e-05
Total; Estimate; Population 65 years and over - Bachelor's degree or higher: 3.89639173161e-05
Males; Estimate; MEDIAN EARNINGS IN THE PAST 12 MONTHS (IN 2016 INFLATION-ADJUSTED DOLLARS) - Population 25 years and over with earnings - High school graduate (includes equivalency): 3.76184734628e-05
Females; Estimate; RACE AND HISPANIC OR LATINO ORIGIN BY EDUCATIONAL ATTAINMENT - White alone - Bachelor's degree or higher: 3.62021050941e-05
Females; Estimate; Some other race alone - High school graduate or higher: 3.60557658435e-05
Females; Margin of Error; Population 18 to 24 years: 3.54852168904e-05
Females; Estimate; Population 25 years and over - Bachelor's degree: 3.50504333783e-05
Total; Margin of Error; Population 25 years and over - Graduate or professional degree: 3.41489752444e-05
Males; Estimate; MEDIAN EARNINGS IN THE PAST 12 MONTHS (IN 2016 INFLATION-ADJUSTED DOLLARS) - Population 25 years and over with earnings - Some college or associate's degree: 3.41197435085e-05
Total; Estimate; Population 18 to 24 years - Less than high school graduate: 3.39269700159e-05
Total; Estimate; Two or more races - High school graduate or higher: 3.3895186994e-05
Males; Estimate; Two or more races - High school graduate or higher: 3.32559245054e-05
Total; Estimate; Some other race alone - High school graduate or higher: 3.22155899978e-05
Males; Estimate; Asian alone - Bachelor's degree or higher: 3.05840692767e-05
Total; Estimate; Population 18 to 24 years - Bachelor's degree or higher: 3.00359383379e-05
Males; Estimate; Population 18 to 24 years - Bachelor's degree or higher: 2.99117982002e-05
Females; Estimate; MEDIAN EARNINGS IN THE PAST 12 MONTHS (IN 2016 INFLATION-ADJUSTED DOLLARS) - Population 25 years and over with earnings - High school graduate (includes equivalency): 2.94841845701e-05
Females; Estimate; Population 18 to 24 years - High school graduate (includes equivalency): 2.8425949954e-05
Total; Estimate; MEDIAN EARNINGS IN THE PAST 12 MONTHS (IN 2016 INFLATION-ADJUSTED DOLLARS) - Population 25 years and over with earnings - Some college or associate's degree: 2.82968446379e-05
Females; Estimate; Asian alone - Bachelor's degree or higher: 2.79400098359e-05
Females; Estimate; White alone, not Hispanic or Latino - Bachelor's degree or higher: 2.78925884429e-05
Total; Margin of Error; MEDIAN EARNINGS IN THE PAST 12 MONTHS (IN 2016 INFLATION-ADJUSTED DOLLARS) - Population 25 years and over with earnings: 2.73288192646e-05
Males; Estimate; Population 35 to 44 years - Bachelor's degree or higher: 2.66438329801e-05
Males; Margin of Error; RACE AND HISPANIC OR LATINO ORIGIN BY EDUCATIONAL ATTAINMENT - White alone: 2.65526110591e-05
Females; Estimate; MEDIAN EARNINGS IN THE PAST 12 MONTHS (IN 2016 INFLATION-ADJUSTED DOLLARS) - Population 25 years and over with earnings - Some college or associate's degree: 2.63859721506e-05
Males; Estimate; MEDIAN EARNINGS IN THE PAST 12 MONTHS (IN 2016 INFLATION-ADJUSTED DOLLARS) - Population 25 years and over with earnings: 2.54614168238e-05
Males; Estimate; Population 65 years and over: 2.50681573955e-05
Females; Estimate; Population 65 years and over - High school graduate or higher: 2.49264720395e-05
Total; Estimate; MEDIAN EARNINGS IN THE PAST 12 MONTHS (IN 2016 INFLATION-ADJUSTED DOLLARS) - Population 25 years and over with earnings: 2.45581204535e-05
Males; Estimate; Population 25 years and over - Bachelor's degree: 2.41957129478e-05
Males; Estimate; Black alone - Bachelor's degree or higher: 2.39504585502e-05
Total; Estimate; Population 18 to 24 years - High school graduate (includes equivalency): 2.35762064308e-05
Males; Estimate; White alone, not Hispanic or Latino - Bachelor's degree or higher: 2.20796523325e-05
Females; Estimate; Population 18 to 24 years - Less than high school graduate: 2.17528969356e-05
Females; Estimate; Black alone: 2.15854525898e-05
Percent Males; Estimate; Asian alone - High school graduate or higher: 2.15419320018e-05
Females; Estimate; Population 18 to 24 years - Some college or associate's degree: 2.14833223225e-05
Males; Estimate; Population 18 to 24 years - Less than high school graduate: 2.13605354176e-05
Females; Estimate; Some other race alone: 2.12650703026e-05
Females; Estimate; Population 45 to 64 years: 2.11759252473e-05
Total; Estimate; Population 25 years and over - Bachelor's degree: 2.08261966012e-05
Total; Margin of Error; MEDIAN EARNINGS IN THE PAST 12 MONTHS (IN 2016 INFLATION-ADJUSTED DOLLARS) - Population 25 years and over with earnings - High school graduate (includes equivalency): 2.0641068031e-05
Males; Estimate; Population 65 years and over - High school graduate or higher: 2.03231705364e-05
Males; Estimate; Population 45 to 64 years - Bachelor's degree or higher: 2.03177430583e-05
Total; Margin of Error; MEDIAN EARNINGS IN THE PAST 12 MONTHS (IN 2016 INFLATION-ADJUSTED DOLLARS) - Population 25 years and over with earnings - Bachelor's degree: 1.96467676463e-05
Males; Estimate; Population 25 to 34 years - Bachelor's degree or higher: 1.95681578342e-05
Females; Estimate; Population 18 to 24 years - Bachelor's degree or higher: 1.94719833108e-05
Males; Estimate; RACE AND HISPANIC OR LATINO ORIGIN BY EDUCATIONAL ATTAINMENT - White alone - Bachelor's degree or higher: 1.93877851862e-05
Males; Estimate; Population 18 to 24 years - High school graduate (includes equivalency): 1.91031192196e-05
Females; Estimate; Population 65 years and over: 1.86672736632e-05
Total; Estimate; Population 45 to 64 years - Bachelor's degree or higher: 1.84632878926e-05
Males; Estimate; Some other race alone: 1.837489176e-05
Males; Estimate; Population 25 years and over - Graduate or professional degree: 1.79313497149e-05
Females; Estimate; Population 25 years and over - High school graduate (includes equivalency): 1.77681241946e-05
Females; Estimate; Population 25 years and over - Graduate or professional degree: 1.67837518395e-05
Males; Estimate; Population 45 to 64 years: 1.67035076844e-05
Total; Estimate; White alone, not Hispanic or Latino - Bachelor's degree or higher: 1.66259592588e-05
Total; Estimate; MEDIAN EARNINGS IN THE PAST 12 MONTHS (IN 2016 INFLATION-ADJUSTED DOLLARS) - Population 25 years and over with earnings - High school graduate (includes equivalency): 1.65170009568e-05
Females; Estimate; Population 35 to 44 years: 1.62115762963e-05
Females; Estimate; Hispanic or Latino Origin: 1.53033554151e-05
Males; Estimate; Black alone: 1.51773720322e-05
Total; Estimate; RACE AND HISPANIC OR LATINO ORIGIN BY EDUCATIONAL ATTAINMENT - White alone - Bachelor's degree or higher: 1.50734291759e-05
Males; Estimate; Population 25 years and over - 9th to 12th grade, no diploma: 1.49534135361e-05
Total; Estimate; Population 35 to 44 years - Bachelor's degree or higher: 1.48472376175e-05
Males; Estimate; Asian alone: 1.47227879237e-05
Males; Estimate; Population 18 to 24 years - Some college or associate's degree: 1.41718603957e-05
Males; Estimate; Population 25 years and over - High school graduate (includes equivalency): 1.40320990406e-05
Females; Estimate; Population 25 years and over - 9th to 12th grade, no diploma: 1.40103650564e-05
Males; Estimate; Black alone - High school graduate or higher: 1.39907320743e-05
Total; Estimate; MEDIAN EARNINGS IN THE PAST 12 MONTHS (IN 2016 INFLATION-ADJUSTED DOLLARS) - Population 25 years and over with earnings - Bachelor's degree: 1.35461364367e-05
Females; Estimate; White alone, not Hispanic or Latino: 1.30827142579e-05
Females; Estimate; Population 25 to 34 years: 1.28725110485e-05
Females; Estimate; White alone, not Hispanic or Latino - High school graduate or higher: 1.28256249553e-05
Females; Estimate; Black alone - High school graduate or higher: 1.26566650721e-05
Total; Estimate; Population 35 to 44 years - High school graduate or higher: 1.25221098766e-05
Total; Estimate; Population 25 years and over - Less than 9th grade: 1.23548282063e-05
Females; Estimate; Asian alone: 1.23148837956e-05
Total; Estimate; Population 35 to 44 years: 1.22512967496e-05
Total; Estimate; Black alone - Bachelor's degree or higher: 1.1769958706e-05
Females; Estimate; Population 35 to 44 years - Bachelor's degree or higher: 1.17696296486e-05
Females; Estimate; Population 25 to 34 years - High school graduate or higher: 1.17615489326e-05
Females; Estimate; Black alone - Bachelor's degree or higher: 1.16759683665e-05
Total; Estimate; Hispanic or Latino Origin - High school graduate or higher: 1.16540223375e-05
Total; Estimate; Population 25 years and over - 9th to 12th grade, no diploma: 1.16073001391e-05
Males; Estimate; Population 35 to 44 years: 1.15974357007e-05
Males; Estimate; Some other race alone - High school graduate or higher: 1.15934339203e-05
Females; Estimate; Asian alone - High school graduate or higher: 1.10675035564e-05
Males; Estimate; White alone, not Hispanic or Latino - High school graduate or higher: 1.08764675496e-05
Total; Estimate; Some other race alone: 1.07697213878e-05
Total; Margin of Error; MEDIAN EARNINGS IN THE PAST 12 MONTHS (IN 2016 INFLATION-ADJUSTED DOLLARS) - Population 25 years and over with earnings - Graduate or professional degree: 1.06473734549e-05
Males; Margin of Error; MEDIAN EARNINGS IN THE PAST 12 MONTHS (IN 2016 INFLATION-ADJUSTED DOLLARS) - Population 25 years and over with earnings - Bachelor's degree: 1.06100709883e-05
Females; Estimate; MEDIAN EARNINGS IN THE PAST 12 MONTHS (IN 2016 INFLATION-ADJUSTED DOLLARS) - Population 25 years and over with earnings - Bachelor's degree: 1.05611683123e-05
Total; Estimate; Population 25 years and over - Graduate or professional degree: 1.00735822402e-05
Total; Estimate; Asian alone - High school graduate or higher: 9.92138272435e-06
Females; Estimate; Hispanic or Latino Origin - High school graduate or higher: 9.86379212885e-06
Total; Estimate; Hispanic or Latino Origin - Bachelor's degree or higher: 9.58834922246e-06
Females; Estimate; Population 35 to 44 years - High school graduate or higher: 9.49386159272e-06
Females; Estimate; MEDIAN EARNINGS IN THE PAST 12 MONTHS (IN 2016 INFLATION-ADJUSTED DOLLARS) - Population 25 years and over with earnings - Less than high school graduate: 9.4927281484e-06
Females; Margin of Error; MEDIAN EARNINGS IN THE PAST 12 MONTHS (IN 2016 INFLATION-ADJUSTED DOLLARS) - Population 25 years and over with earnings - Some college or associate's degree: 9.4857626039e-06
Males; Estimate; Asian alone - High school graduate or higher: 9.30351343968e-06
Males; Estimate; Population 25 to 34 years: 9.29727647963e-06
Males; Estimate; Population 25 years and over - Some college, no degree: 9.27896074441e-06
Total; Estimate; Population 25 to 34 years - Bachelor's degree or higher: 9.12721378966e-06
Total; Estimate; Population 25 to 34 years: 9.03638287249e-06
Total; Estimate; Black alone: 8.99968781666e-06
Total; Estimate; MEDIAN EARNINGS IN THE PAST 12 MONTHS (IN 2016 INFLATION-ADJUSTED DOLLARS) - Population 25 years and over with earnings - Graduate or professional degree: 8.78456619169e-06
Total; Margin of Error; MEDIAN EARNINGS IN THE PAST 12 MONTHS (IN 2016 INFLATION-ADJUSTED DOLLARS) - Population 25 years and over with earnings - Less than high school graduate: 8.75678596405e-06
Males; Estimate; Hispanic or Latino Origin: 8.67786529925e-06
Total; Estimate; Asian alone - Bachelor's degree or higher: 8.59742816657e-06
Males; Estimate; Hispanic or Latino Origin - High school graduate or higher: 8.5372385534e-06
Females; Estimate; Population 25 to 34 years - Bachelor's degree or higher: 8.16094554511e-06
Males; Estimate; Population 45 to 64 years - High school graduate or higher: 7.72564067786e-06
Total; Estimate; Population 25 to 34 years - High school graduate or higher: 7.52916637804e-06
Females; Estimate; Population 18 to 24 years: 7.36037638687e-06
Females; Estimate; Population 45 to 64 years - High school graduate or higher: 7.23095239061e-06
Females; Estimate; Population 25 years and over - Associate's degree: 7.19404931952e-06
Total; Estimate; Population 65 years and over - High school graduate or higher: 7.08828687654e-06
Total; Estimate; Population 18 to 24 years - Some college or associate's degree: 7.05710362038e-06
Total; Estimate; Population 25 years and over - Associate's degree: 6.9948725146e-06
Total; Estimate; Population 65 years and over: 6.86177101643e-06
Total; Estimate; Black alone - High school graduate or higher: 6.60326236137e-06
Total; Estimate; White alone, not Hispanic or Latino: 6.56120417597e-06
Females; Margin of Error; MEDIAN EARNINGS IN THE PAST 12 MONTHS (IN 2016 INFLATION-ADJUSTED DOLLARS) - Population 25 years and over with earnings - High school graduate (includes equivalency): 6.52134396831e-06
Males; Estimate; Population 25 years and over - Associate's degree: 6.51596834038e-06
Males; Margin of Error; MEDIAN EARNINGS IN THE PAST 12 MONTHS (IN 2016 INFLATION-ADJUSTED DOLLARS) - Population 25 years and over with earnings - Some college or associate's degree: 6.32483202406e-06
Males; Estimate; White alone, not Hispanic or Latino: 5.92157114222e-06
Males; Estimate; Population 25 to 34 years - High school graduate or higher: 5.8551784978e-06
Total; Estimate; Population 25 years and over - High school graduate (includes equivalency): 5.85071485411e-06
Total; Estimate; Asian alone: 5.7250631044e-06
Total; Estimate; Population 25 years and over - Some college, no degree: 5.31599528617e-06
Females; Estimate; RACE AND HISPANIC OR LATINO ORIGIN BY EDUCATIONAL ATTAINMENT - White alone: 5.30612626328e-06
Females; Estimate; Population 25 years and over: 5.19965655846e-06
Males; Estimate; Population 35 to 44 years - High school graduate or higher: 5.11397556304e-06
Total; Estimate; Population 45 to 64 years: 5.02048365766e-06
Females; Estimate; Population 25 years and over - Some college, no degree: 4.63232461964e-06
Males; Estimate; RACE AND HISPANIC OR LATINO ORIGIN BY EDUCATIONAL ATTAINMENT - White alone: 4.60900706231e-06
Females; Estimate; RACE AND HISPANIC OR LATINO ORIGIN BY EDUCATIONAL ATTAINMENT - White alone - High school graduate or higher: 3.97603968905e-06
Total; Estimate; Population 45 to 64 years - High school graduate or higher: 3.96099732712e-06
Total; Estimate; RACE AND HISPANIC OR LATINO ORIGIN BY EDUCATIONAL ATTAINMENT - White alone - High school graduate or higher: 3.8010945011e-06
Males; Estimate; MEDIAN EARNINGS IN THE PAST 12 MONTHS (IN 2016 INFLATION-ADJUSTED DOLLARS) - Population 25 years and over with earnings - Less than high school graduate: 3.73033523906e-06
Males; Margin of Error; MEDIAN EARNINGS IN THE PAST 12 MONTHS (IN 2016 INFLATION-ADJUSTED DOLLARS) - Population 25 years and over with earnings - Less than high school graduate: 3.5461767917e-06
Males; Estimate; Population 25 years and over: 3.44290263494e-06
Total; Estimate; MEDIAN EARNINGS IN THE PAST 12 MONTHS (IN 2016 INFLATION-ADJUSTED DOLLARS) - Population 25 years and over with earnings - Less than high school graduate: 3.07307072357e-06
Males; Margin of Error; MEDIAN EARNINGS IN THE PAST 12 MONTHS (IN 2016 INFLATION-ADJUSTED DOLLARS) - Population 25 years and over with earnings - High school graduate (includes equivalency): 3.0622524267e-06
Total; Estimate; White alone, not Hispanic or Latino - High school graduate or higher: 3.02449315736e-06
Total; Estimate; Hispanic or Latino Origin: 2.53204365897e-06
Males; Estimate; RACE AND HISPANIC OR LATINO ORIGIN BY EDUCATIONAL ATTAINMENT - White alone - High school graduate or higher: 2.43608113826e-06
Females; Margin of Error; MEDIAN EARNINGS IN THE PAST 12 MONTHS (IN 2016 INFLATION-ADJUSTED DOLLARS) - Population 25 years and over with earnings - Less than high school graduate: 2.1414995274e-06
Females; Margin of Error; MEDIAN EARNINGS IN THE PAST 12 MONTHS (IN 2016 INFLATION-ADJUSTED DOLLARS) - Population 25 years and over with earnings - Bachelor's degree: 2.04548590633e-06
Total; Estimate; Population 25 years and over: 1.99231929104e-06
Females; Estimate; MEDIAN EARNINGS IN THE PAST 12 MONTHS (IN 2016 INFLATION-ADJUSTED DOLLARS) - Population 25 years and over with earnings - Graduate or professional degree: 1.89421640519e-06
Males; Estimate; MEDIAN EARNINGS IN THE PAST 12 MONTHS (IN 2016 INFLATION-ADJUSTED DOLLARS) - Population 25 years and over with earnings - Bachelor's degree: 1.87889115519e-06
Total; Estimate; RACE AND HISPANIC OR LATINO ORIGIN BY EDUCATIONAL ATTAINMENT - White alone: 1.64376656259e-06
Males; Estimate; Population 18 to 24 years: 1.55823723824e-06
Total; Estimate; Population 18 to 24 years: 1.45427208778e-06
Males; Margin of Error; MEDIAN EARNINGS IN THE PAST 12 MONTHS (IN 2016 INFLATION-ADJUSTED DOLLARS) - Population 25 years and over with earnings - Graduate or professional degree: 7.66213028959e-07
Males; Estimate; MEDIAN EARNINGS IN THE PAST 12 MONTHS (IN 2016 INFLATION-ADJUSTED DOLLARS) - Population 25 years and over with earnings - Graduate or professional degree: 6.69355862264e-07
Females; Margin of Error; POVERTY RATE FOR THE POPULATION 25 YEARS AND OVER FOR WHOM POVERTY STATUS IS DETERMINED BY EDUCATIONAL ATTAINMENT LEVEL - Some college or associate's degree: 0.0
Percent; Margin of Error; Population 25 years and over - 9th to 12th grade, no diploma: 0.0
Total; Margin of Error; Percent high school graduate or higher: 0.0
Percent Females; Margin of Error; White alone, not Hispanic or Latino - High school graduate or higher: 0.0
Percent; Estimate; MEDIAN EARNINGS IN THE PAST 12 MONTHS (IN 2016 INFLATION-ADJUSTED DOLLARS) - Population 25 years and over with earnings - Graduate or professional degree: 0.0
Females; Estimate; Percent high school graduate or higher: 0.0
Percent Females; Margin of Error; Population 25 years and over - Graduate or professional degree: 0.0
Females; Margin of Error; POVERTY RATE FOR THE POPULATION 25 YEARS AND OVER FOR WHOM POVERTY STATUS IS DETERMINED BY EDUCATIONAL ATTAINMENT LEVEL - Bachelor's degree or higher: 0.0
Percent; Margin of Error; Asian alone: 0.0
Percent Females; Estimate; MEDIAN EARNINGS IN THE PAST 12 MONTHS (IN 2016 INFLATION-ADJUSTED DOLLARS) - Population 25 years and over with earnings: 0.0
Percent; Estimate; Population 35 to 44 years - High school graduate or higher: 0.0
Percent Females; Estimate; Population 25 to 34 years: 0.0
Percent; Margin of Error; Population 65 years and over: 0.0
Percent Females; Estimate; MEDIAN EARNINGS IN THE PAST 12 MONTHS (IN 2016 INFLATION-ADJUSTED DOLLARS) - Population 25 years and over with earnings - Graduate or professional degree: 0.0
Percent Females; Margin of Error; Some other race alone: 0.0
Percent; Margin of Error; Native Hawaiian and Other Pacific Islander alone - High school graduate or higher: 0.0
Percent; Margin of Error; MEDIAN EARNINGS IN THE PAST 12 MONTHS (IN 2016 INFLATION-ADJUSTED DOLLARS) - Population 25 years and over with earnings - Bachelor's degree: 0.0
Percent Females; Estimate; MEDIAN EARNINGS IN THE PAST 12 MONTHS (IN 2016 INFLATION-ADJUSTED DOLLARS) - Population 25 years and over with earnings - High school graduate (includes equivalency): 0.0
Percent; Margin of Error; Some other race alone - Bachelor's degree or higher: 0.0
Percent Males; Estimate; Black alone: 0.0
Percent Males; Margin of Error; Native Hawaiian and Other Pacific Islander alone - Bachelor's degree or higher: 0.0
Percent; Margin of Error; RACE AND HISPANIC OR LATINO ORIGIN BY EDUCATIONAL ATTAINMENT - White alone - Bachelor's degree or higher: 0.0
Percent; Margin of Error; Two or more races: 0.0
Percent Females; Margin of Error; MEDIAN EARNINGS IN THE PAST 12 MONTHS (IN 2016 INFLATION-ADJUSTED DOLLARS) - Population 25 years and over with earnings - Some college or associate's degree: 0.0
Percent Females; Margin of Error; Population 25 years and over - Bachelor's degree: 0.0
Percent Males; Estimate; Population 25 years and over - Less than 9th grade: 0.0
Percent; Margin of Error; Population 25 years and over - Associate's degree: 0.0
Percent Males; Margin of Error; Population 25 years and over - Graduate or professional degree: 0.0
Females; Estimate; POVERTY RATE FOR THE POPULATION 25 YEARS AND OVER FOR WHOM POVERTY STATUS IS DETERMINED BY EDUCATIONAL ATTAINMENT LEVEL - Some college or associate's degree: 0.0
Percent Males; Margin of Error; Population 25 to 34 years: 0.0
Percent Females; Estimate; Population 45 to 64 years: 0.0
Percent Females; Margin of Error; Population 25 to 34 years: 0.0
Percent; Margin of Error; Population 18 to 24 years - Some college or associate's degree: 0.0
Percent Males; Margin of Error; Population 35 to 44 years: 0.0
Percent Males; Estimate; MEDIAN EARNINGS IN THE PAST 12 MONTHS (IN 2016 INFLATION-ADJUSTED DOLLARS) - Population 25 years and over with earnings - Graduate or professional degree: 0.0
Percent Males; Estimate; Population 25 years and over: 0.0
Percent Males; Margin of Error; White alone, not Hispanic or Latino: 0.0
Percent Males; Margin of Error; MEDIAN EARNINGS IN THE PAST 12 MONTHS (IN 2016 INFLATION-ADJUSTED DOLLARS) - Population 25 years and over with earnings - Graduate or professional degree: 0.0
Percent; Margin of Error; RACE AND HISPANIC OR LATINO ORIGIN BY EDUCATIONAL ATTAINMENT - White alone: 0.0
Percent Males; Estimate; Population 45 to 64 years - High school graduate or higher: 0.0
Females; Estimate; POVERTY RATE FOR THE POPULATION 25 YEARS AND OVER FOR WHOM POVERTY STATUS IS DETERMINED BY EDUCATIONAL ATTAINMENT LEVEL - Less than high school graduate: 0.0
Percent; Margin of Error; American Indian or Alaska Native alone - Bachelor's degree or higher: 0.0
Males; Estimate; Percent high school graduate or higher: 0.0
Percent Males; Estimate; Population 65 years and over: 0.0
Percent Females; Margin of Error; Black alone - High school graduate or higher: 0.0
Percent Males; Margin of Error; Population 25 years and over: 0.0
Percent Females; Estimate; Two or more races: 0.0
Females; Margin of Error; Percent high school graduate or higher: 0.0
Males; Margin of Error; Percent bachelor's degree or higher: 0.0
Percent Females; Estimate; Some other race alone: 0.0
Percent; Estimate; Asian alone: 0.0
Females; Estimate; POVERTY RATE FOR THE POPULATION 25 YEARS AND OVER FOR WHOM POVERTY STATUS IS DETERMINED BY EDUCATIONAL ATTAINMENT LEVEL - Bachelor's degree or higher: 0.0
Males; Estimate; POVERTY RATE FOR THE POPULATION 25 YEARS AND OVER FOR WHOM POVERTY STATUS IS DETERMINED BY EDUCATIONAL ATTAINMENT LEVEL - Some college or associate's degree: 0.0
Total; Estimate; POVERTY RATE FOR THE POPULATION 25 YEARS AND OVER FOR WHOM POVERTY STATUS IS DETERMINED BY EDUCATIONAL ATTAINMENT LEVEL - Less than high school graduate: 0.0
Percent; Estimate; RACE AND HISPANIC OR LATINO ORIGIN BY EDUCATIONAL ATTAINMENT - White alone: 0.0
Percent Males; Estimate; Population 25 to 34 years: 0.0
Percent; Margin of Error; MEDIAN EARNINGS IN THE PAST 12 MONTHS (IN 2016 INFLATION-ADJUSTED DOLLARS) - Population 25 years and over with earnings - Less than high school graduate: 0.0
Males; Margin of Error; POVERTY RATE FOR THE POPULATION 25 YEARS AND OVER FOR WHOM POVERTY STATUS IS DETERMINED BY EDUCATIONAL ATTAINMENT LEVEL - Bachelor's degree or higher: 0.0
Total; Margin of Error; Percent bachelor's degree or higher: 0.0
Percent Males; Estimate; Some other race alone: 0.0
Percent; Margin of Error; Population 25 years and over - Some college, no degree: 0.0
Percent Females; Margin of Error; Hispanic or Latino Origin: 0.0
Percent Males; Margin of Error; MEDIAN EARNINGS IN THE PAST 12 MONTHS (IN 2016 INFLATION-ADJUSTED DOLLARS) - Population 25 years and over with earnings - Some college or associate's degree: 0.0
Percent Females; Estimate; Asian alone: 0.0
Percent; Estimate; MEDIAN EARNINGS IN THE PAST 12 MONTHS (IN 2016 INFLATION-ADJUSTED DOLLARS) - Population 25 years and over with earnings - Some college or associate's degree: 0.0
Percent Males; Margin of Error; Asian alone: 0.0
Total; Margin of Error; POVERTY RATE FOR THE POPULATION 25 YEARS AND OVER FOR WHOM POVERTY STATUS IS DETERMINED BY EDUCATIONAL ATTAINMENT LEVEL - High school graduate (includes equivalency): 0.0
Percent; Margin of Error; Population 25 years and over - Bachelor's degree: 0.0
Total; Margin of Error; POVERTY RATE FOR THE POPULATION 25 YEARS AND OVER FOR WHOM POVERTY STATUS IS DETERMINED BY EDUCATIONAL ATTAINMENT LEVEL - Bachelor's degree or higher: 0.0
Males; Estimate; POVERTY RATE FOR THE POPULATION 25 YEARS AND OVER FOR WHOM POVERTY STATUS IS DETERMINED BY EDUCATIONAL ATTAINMENT LEVEL - Less than high school graduate: 0.0
Percent Females; Estimate; RACE AND HISPANIC OR LATINO ORIGIN BY EDUCATIONAL ATTAINMENT - White alone: 0.0
Percent; Estimate; White alone, not Hispanic or Latino: 0.0
Percent Females; Margin of Error; Population 25 years and over - Less than 9th grade: 0.0
Percent Females; Margin of Error; MEDIAN EARNINGS IN THE PAST 12 MONTHS (IN 2016 INFLATION-ADJUSTED DOLLARS) - Population 25 years and over with earnings - Bachelor's degree: 0.0
Percent; Margin of Error; Black alone: 0.0
Percent Females; Margin of Error; Population 35 to 44 years: 0.0
Total; Estimate; POVERTY RATE FOR THE POPULATION 25 YEARS AND OVER FOR WHOM POVERTY STATUS IS DETERMINED BY EDUCATIONAL ATTAINMENT LEVEL - Bachelor's degree or higher: 0.0
Percent Males; Estimate; MEDIAN EARNINGS IN THE PAST 12 MONTHS (IN 2016 INFLATION-ADJUSTED DOLLARS) - Population 25 years and over with earnings - Less than high school graduate: 0.0
Percent Males; Margin of Error; MEDIAN EARNINGS IN THE PAST 12 MONTHS (IN 2016 INFLATION-ADJUSTED DOLLARS) - Population 25 years and over with earnings - Bachelor's degree: 0.0
Percent Males; Margin of Error; Two or more races: 0.0
Percent Males; Estimate; Native Hawaiian and Other Pacific Islander alone - Bachelor's degree or higher: 0.0
Percent; Margin of Error; White alone, not Hispanic or Latino - High school graduate or higher: 0.0
Males; Margin of Error; POVERTY RATE FOR THE POPULATION 25 YEARS AND OVER FOR WHOM POVERTY STATUS IS DETERMINED BY EDUCATIONAL ATTAINMENT LEVEL - High school graduate (includes equivalency): 0.0
Percent; Margin of Error; White alone, not Hispanic or Latino: 0.0
Percent Females; Margin of Error; MEDIAN EARNINGS IN THE PAST 12 MONTHS (IN 2016 INFLATION-ADJUSTED DOLLARS) - Population 25 years and over with earnings - Less than high school graduate: 0.0
Percent Females; Estimate; Population 25 years and over: 0.0
Percent Males; Margin of Error; Some other race alone: 0.0
Percent Males; Margin of Error; White alone, not Hispanic or Latino - High school graduate or higher: 0.0
Males; Margin of Error; POVERTY RATE FOR THE POPULATION 25 YEARS AND OVER FOR WHOM POVERTY STATUS IS DETERMINED BY EDUCATIONAL ATTAINMENT LEVEL - Less than high school graduate: 0.0
Percent; Margin of Error; MEDIAN EARNINGS IN THE PAST 12 MONTHS (IN 2016 INFLATION-ADJUSTED DOLLARS) - Population 25 years and over with earnings - Some college or associate's degree: 0.0
Percent Females; Margin of Error; RACE AND HISPANIC OR LATINO ORIGIN BY EDUCATIONAL ATTAINMENT - White alone - Bachelor's degree or higher: 0.0
Percent Males; Margin of Error; American Indian or Alaska Native alone: 0.0
Percent Males; Estimate; MEDIAN EARNINGS IN THE PAST 12 MONTHS (IN 2016 INFLATION-ADJUSTED DOLLARS) - Population 25 years and over with earnings - Bachelor's degree: 0.0
Percent; Estimate; Population 25 years and over: 0.0
Percent Females; Margin of Error; MEDIAN EARNINGS IN THE PAST 12 MONTHS (IN 2016 INFLATION-ADJUSTED DOLLARS) - Population 25 years and over with earnings: 0.0
Percent Males; Margin of Error; Population 18 to 24 years: 0.0
Percent Males; Estimate; White alone, not Hispanic or Latino: 0.0
Percent Females; Margin of Error; Population 25 years and over - Associate's degree: 0.0
Total; Estimate; POVERTY RATE FOR THE POPULATION 25 YEARS AND OVER FOR WHOM POVERTY STATUS IS DETERMINED BY EDUCATIONAL ATTAINMENT LEVEL - High school graduate (includes equivalency): 0.0
Percent Females; Margin of Error; Two or more races: 0.0
Percent; Estimate; MEDIAN EARNINGS IN THE PAST 12 MONTHS (IN 2016 INFLATION-ADJUSTED DOLLARS) - Population 25 years and over with earnings: 0.0
Percent; Margin of Error; American Indian or Alaska Native alone - High school graduate or higher: 0.0
Percent Males; Estimate; MEDIAN EARNINGS IN THE PAST 12 MONTHS (IN 2016 INFLATION-ADJUSTED DOLLARS) - Population 25 years and over with earnings - High school graduate (includes equivalency): 0.0
Percent Females; Margin of Error; Native Hawaiian and Other Pacific Islander alone - Bachelor's degree or higher: 0.0
Percent; Margin of Error; Population 25 years and over - Less than 9th grade: 0.0
Percent Females; Estimate; American Indian or Alaska Native alone: 0.0
Percent Males; Estimate; MEDIAN EARNINGS IN THE PAST 12 MONTHS (IN 2016 INFLATION-ADJUSTED DOLLARS) - Population 25 years and over with earnings - Some college or associate's degree: 0.0
Percent; Margin of Error; Population 45 to 64 years - Bachelor's degree or higher: 0.0
Percent Females; Margin of Error; MEDIAN EARNINGS IN THE PAST 12 MONTHS (IN 2016 INFLATION-ADJUSTED DOLLARS) - Population 25 years and over with earnings - Graduate or professional degree: 0.0
Percent Females; Margin of Error; Population 25 years and over: 0.0
Percent; Estimate; Population 25 years and over - Associate's degree: 0.0
Percent Males; Margin of Error; Population 25 years and over - Associate's degree: 0.0
Percent; Estimate; Black alone: 0.0
Percent Males; Margin of Error; Black alone: 0.0
Percent; Margin of Error; White alone, not Hispanic or Latino - Bachelor's degree or higher: 0.0
Percent Males; Estimate; Population 45 to 64 years: 0.0
Percent Females; Estimate; Population 18 to 24 years: 0.0
Percent; Margin of Error; Native Hawaiian and Other Pacific Islander alone: 0.0
Percent; Margin of Error; American Indian or Alaska Native alone: 0.0
Percent Males; Margin of Error; RACE AND HISPANIC OR LATINO ORIGIN BY EDUCATIONAL ATTAINMENT - White alone - High school graduate or higher: 0.0
Males; Margin of Error; Percent high school graduate or higher: 0.0
Percent Males; Estimate; Population 35 to 44 years: 0.0
Percent; Margin of Error; MEDIAN EARNINGS IN THE PAST 12 MONTHS (IN 2016 INFLATION-ADJUSTED DOLLARS) - Population 25 years and over with earnings: 0.0
Percent; Estimate; MEDIAN EARNINGS IN THE PAST 12 MONTHS (IN 2016 INFLATION-ADJUSTED DOLLARS) - Population 25 years and over with earnings - High school graduate (includes equivalency): 0.0
Percent Males; Margin of Error; MEDIAN EARNINGS IN THE PAST 12 MONTHS (IN 2016 INFLATION-ADJUSTED DOLLARS) - Population 25 years and over with earnings: 0.0
Percent Females; Margin of Error; Population 18 to 24 years: 0.0
Percent Males; Estimate; Two or more races: 0.0
Percent Males; Margin of Error; Hispanic or Latino Origin: 0.0
Percent Males; Margin of Error; MEDIAN EARNINGS IN THE PAST 12 MONTHS (IN 2016 INFLATION-ADJUSTED DOLLARS) - Population 25 years and over with earnings - High school graduate (includes equivalency): 0.0
Females; Margin of Error; MEDIAN EARNINGS IN THE PAST 12 MONTHS (IN 2016 INFLATION-ADJUSTED DOLLARS) - Population 25 years and over with earnings - Graduate or professional degree: 0.0
Percent Females; Margin of Error; American Indian or Alaska Native alone: 0.0
Percent Males; Margin of Error; American Indian or Alaska Native alone - Bachelor's degree or higher: 0.0
Percent Females; Margin of Error; White alone, not Hispanic or Latino: 0.0
Percent; Estimate; Native Hawaiian and Other Pacific Islander alone: 0.0
Percent Males; Estimate; Population 18 to 24 years: 0.0
Percent; Margin of Error; Population 25 to 34 years: 0.0
Percent Females; Estimate; White alone, not Hispanic or Latino: 0.0
Females; Estimate; POVERTY RATE FOR THE POPULATION 25 YEARS AND OVER FOR WHOM POVERTY STATUS IS DETERMINED BY EDUCATIONAL ATTAINMENT LEVEL - High school graduate (includes equivalency): 0.0
Percent Males; Margin of Error; Native Hawaiian and Other Pacific Islander alone: 0.0
Percent; Margin of Error; Population 35 to 44 years: 0.0
Percent; Estimate; Black alone - High school graduate or higher: 0.0
Males; Estimate; POVERTY RATE FOR THE POPULATION 25 YEARS AND OVER FOR WHOM POVERTY STATUS IS DETERMINED BY EDUCATIONAL ATTAINMENT LEVEL - High school graduate (includes equivalency): 0.0
Percent Females; Estimate; Some other race alone - Bachelor's degree or higher: 0.0
Percent Males; Margin of Error; MEDIAN EARNINGS IN THE PAST 12 MONTHS (IN 2016 INFLATION-ADJUSTED DOLLARS) - Population 25 years and over with earnings - Less than high school graduate: 0.0
Percent Males; Margin of Error; Native Hawaiian and Other Pacific Islander alone - High school graduate or higher: 0.0
Percent; Margin of Error; Some other race alone - High school graduate or higher: 0.0
Percent Males; Margin of Error; Population 45 to 64 years: 0.0
Percent Females; Estimate; Native Hawaiian and Other Pacific Islander alone: 0.0
Total; Estimate; Percent bachelor's degree or higher: 0.0
Percent; Estimate; MEDIAN EARNINGS IN THE PAST 12 MONTHS (IN 2016 INFLATION-ADJUSTED DOLLARS) - Population 25 years and over with earnings - Less than high school graduate: 0.0
Percent; Estimate; Hispanic or Latino Origin: 0.0
Percent Females; Estimate; Population 65 years and over: 0.0
Percent; Margin of Error; Population 25 years and over - Graduate or professional degree: 0.0
Males; Estimate; Percent bachelor's degree or higher: 0.0
Percent; Estimate; Some other race alone: 0.0
Percent Males; Estimate; Population 25 years and over - 9th to 12th grade, no diploma: 0.0
Percent Females; Estimate; Population 35 to 44 years: 0.0
Percent; Margin of Error; Population 25 years and over: 0.0
Percent Females; Margin of Error; Population 18 to 24 years - High school graduate (includes equivalency): 0.0
Percent Males; Estimate; Hispanic or Latino Origin: 0.0
Percent; Estimate; Two or more races: 0.0
Percent Females; Estimate; Hispanic or Latino Origin: 0.0
Percent; Margin of Error; Population 65 years and over - Bachelor's degree or higher: 0.0
Percent; Margin of Error; Native Hawaiian and Other Pacific Islander alone - Bachelor's degree or higher: 0.0
Percent; Estimate; Population 35 to 44 years: 0.0
Percent Females; Estimate; MEDIAN EARNINGS IN THE PAST 12 MONTHS (IN 2016 INFLATION-ADJUSTED DOLLARS) - Population 25 years and over with earnings - Some college or associate's degree: 0.0
Percent Females; Margin of Error; RACE AND HISPANIC OR LATINO ORIGIN BY EDUCATIONAL ATTAINMENT - White alone: 0.0
Total; Margin of Error; POVERTY RATE FOR THE POPULATION 25 YEARS AND OVER FOR WHOM POVERTY STATUS IS DETERMINED BY EDUCATIONAL ATTAINMENT LEVEL - Some college or associate's degree: 0.0
Percent; Estimate; American Indian or Alaska Native alone: 0.0
Percent Females; Margin of Error; Black alone: 0.0
Percent Males; Estimate; Two or more races - Bachelor's degree or higher: 0.0
Percent; Margin of Error; Population 18 to 24 years: 0.0
Percent; Estimate; Population 18 to 24 years: 0.0
Females; Margin of Error; Percent bachelor's degree or higher: 0.0
Percent Females; Estimate; Native Hawaiian and Other Pacific Islander alone - Bachelor's degree or higher: 0.0
Percent Females; Margin of Error; Population 45 to 64 years: 0.0
Males; Estimate; POVERTY RATE FOR THE POPULATION 25 YEARS AND OVER FOR WHOM POVERTY STATUS IS DETERMINED BY EDUCATIONAL ATTAINMENT LEVEL - Bachelor's degree or higher: 0.0
Percent Females; Margin of Error; Native Hawaiian and Other Pacific Islander alone: 0.0
Percent; Estimate; Population 25 years and over - Less than 9th grade: 0.0
Percent Males; Estimate; RACE AND HISPANIC OR LATINO ORIGIN BY EDUCATIONAL ATTAINMENT - White alone: 0.0
Percent; Margin of Error; Hispanic or Latino Origin - Bachelor's degree or higher: 0.0
Percent Females; Margin of Error; Population 65 years and over: 0.0
Percent; Margin of Error; Population 45 to 64 years: 0.0
Percent; Margin of Error; MEDIAN EARNINGS IN THE PAST 12 MONTHS (IN 2016 INFLATION-ADJUSTED DOLLARS) - Population 25 years and over with earnings - High school graduate (includes equivalency): 0.0
Percent; Margin of Error; MEDIAN EARNINGS IN THE PAST 12 MONTHS (IN 2016 INFLATION-ADJUSTED DOLLARS) - Population 25 years and over with earnings - Graduate or professional degree: 0.0
Percent Males; Estimate; Native Hawaiian and Other Pacific Islander alone: 0.0
Percent Females; Margin of Error; Asian alone: 0.0
Percent Females; Estimate; MEDIAN EARNINGS IN THE PAST 12 MONTHS (IN 2016 INFLATION-ADJUSTED DOLLARS) - Population 25 years and over with earnings - Bachelor's degree: 0.0
Percent; Margin of Error; RACE AND HISPANIC OR LATINO ORIGIN BY EDUCATIONAL ATTAINMENT - White alone - High school graduate or higher: 0.0
Percent; Estimate; Population 45 to 64 years: 0.0
Percent Females; Estimate; MEDIAN EARNINGS IN THE PAST 12 MONTHS (IN 2016 INFLATION-ADJUSTED DOLLARS) - Population 25 years and over with earnings - Less than high school graduate: 0.0
Percent Males; Margin of Error; RACE AND HISPANIC OR LATINO ORIGIN BY EDUCATIONAL ATTAINMENT - White alone: 0.0
Percent Females; Estimate; Population 25 to 34 years - High school graduate or higher: 0.0
Percent; Margin of Error; Some other race alone: 0.0
Total; Estimate; Percent high school graduate or higher: 0.0
Percent Females; Estimate; Black alone: 0.0
Percent; Estimate; Native Hawaiian and Other Pacific Islander alone - Bachelor's degree or higher: 0.0
Total; Margin of Error; POVERTY RATE FOR THE POPULATION 25 YEARS AND OVER FOR WHOM POVERTY STATUS IS DETERMINED BY EDUCATIONAL ATTAINMENT LEVEL - Less than high school graduate: 0.0
Females; Estimate; Percent bachelor's degree or higher: 0.0
Percent Males; Margin of Error; Population 25 years and over - Less than 9th grade: 0.0
Males; Margin of Error; POVERTY RATE FOR THE POPULATION 25 YEARS AND OVER FOR WHOM POVERTY STATUS IS DETERMINED BY EDUCATIONAL ATTAINMENT LEVEL - Some college or associate's degree: 0.0
Percent Females; Margin of Error; POVERTY RATE FOR THE POPULATION 25 YEARS AND OVER FOR WHOM POVERTY STATUS IS DETERMINED BY EDUCATIONAL ATTAINMENT LEVEL - High school graduate (includes equivalency): 0.0
Percent; Margin of Error; POVERTY RATE FOR THE POPULATION 25 YEARS AND OVER FOR WHOM POVERTY STATUS IS DETERMINED BY EDUCATIONAL ATTAINMENT LEVEL - Less than high school graduate: 0.0
Percent Males; Margin of Error; White alone, not Hispanic or Latino - Bachelor's degree or higher: 0.0
Females; Margin of Error; POVERTY RATE FOR THE POPULATION 25 YEARS AND OVER FOR WHOM POVERTY STATUS IS DETERMINED BY EDUCATIONAL ATTAINMENT LEVEL - High school graduate (includes equivalency): 0.0
Percent; Margin of Error; Hispanic or Latino Origin: 0.0
Percent Males; Estimate; MEDIAN EARNINGS IN THE PAST 12 MONTHS (IN 2016 INFLATION-ADJUSTED DOLLARS) - Population 25 years and over with earnings: 0.0
Total; Estimate; POVERTY RATE FOR THE POPULATION 25 YEARS AND OVER FOR WHOM POVERTY STATUS IS DETERMINED BY EDUCATIONAL ATTAINMENT LEVEL - Some college or associate's degree: 0.0
Percent; Estimate; Population 65 years and over: 0.0
Females; Margin of Error; POVERTY RATE FOR THE POPULATION 25 YEARS AND OVER FOR WHOM POVERTY STATUS IS DETERMINED BY EDUCATIONAL ATTAINMENT LEVEL - Less than high school graduate: 0.0
Percent Males; Margin of Error; Population 65 years and over: 0.0
Percent Males; Estimate; Asian alone: 0.0
Percent; Estimate; Population 25 to 34 years: 0.0
Percent Females; Margin of Error; MEDIAN EARNINGS IN THE PAST 12 MONTHS (IN 2016 INFLATION-ADJUSTED DOLLARS) - Population 25 years and over with earnings - High school graduate (includes equivalency): 0.0
Percent; Estimate; MEDIAN EARNINGS IN THE PAST 12 MONTHS (IN 2016 INFLATION-ADJUSTED DOLLARS) - Population 25 years and over with earnings - Bachelor's degree: 0.0
Percent Females; Margin of Error; RACE AND HISPANIC OR LATINO ORIGIN BY EDUCATIONAL ATTAINMENT - White alone - High school graduate or higher: 0.0
Percent Males; Estimate; American Indian or Alaska Native alone: 0.0
